# Brian on the M5Stack StickS3 (8 MB flash, no microSD).
# Two OTA slots of 1.875 MB each (the image is ~1.5 MB), and the rest as a
# LittleFS partition for recordings and the logbook: ~4.1 MB, about 33 minutes
# of 16 kbit/s Opus between two syncs.
# Name,   Type, SubType, Offset,   Size,     Flags
nvs,      data, nvs,     0x9000,   0x5000,
otadata,  data, ota,     0xe000,   0x2000,
app0,     app,  ota_0,   0x10000,  0x1E0000,
app1,     app,  ota_1,   0x1F0000, 0x1E0000,
spiffs,   data, spiffs,  0x3D0000, 0x420000,
coredump, data, coredump,0x7F0000, 0x10000,
